01/19/2013,23:07:20,12 CPM
01/19/2013,23:07:30,12 CPM
01/19/2013,23:07:40,18 CPM
01/19/2013,23:07:50,12 CPM
01/19/2013,23:08:00,18 CPM
01/19/2013,23:08:10,24 CPM
01/19/2013,23:08:20,6 CPM
01/19/2013,23:08:31,36 CPM
01/19/2013,23:08:41,18 CPM
01/19/2013,23:08:51,12 CPM
01/19/2013,23:09:01,6 CPM
01/19/2013,23:09:11,6 CPM
01/19/2013,23:09:21,18 CPM
01/19/2013,23:09:31,18 CPM
01/19/2013,23:09:41,6 CPM
01/19/2013,23:09:51,12 CPM
01/19/2013,23:10:01,36 CPM
01/19/2013,23:10:11,6 CPM
01/19/2013,23:10:21,18 CPM
01/19/2013,23:10:31,12 CPM
01/19/2013,23:10:41,6 CPM
01/19/2013,23:10:51,30 CPM
01/19/2013,23:11:01,12 CPM
01/19/2013,23:11:11,6 CPM
01/19/2013,23:11:21,18 CPM
01/19/2013,23:11:31,12 CPM
01/19/2013,23:11:42,30 CPM
01/19/2013,23:11:52,6 CPM
01/19/2013,23:12:02,12 CPM
01/19/2013,23:12:12,12 CPM
01/19/2013,23:12:22,42 CPM
01/19/2013,23:12:32,24 CPM
01/19/2013,23:12:42,24 CPM
01/19/2013,23:12:52,12 CPM
01/19/2013,23:13:02,30 CPM
01/19/2013,23:13:12,12 CPM
01/19/2013,23:13:22,24 CPM
01/19/2013,23:13:32,18 CPM
01/19/2013,23:13:42,12 CPM
01/19/2013,23:13:52,18 CPM
01/19/2013,23:14:02,24 CPM
01/19/2013,23:14:12,18 CPM
01/19/2013,23:14:22,24 CPM
01/19/2013,23:14:32,30 CPM
01/19/2013,23:14:42,24 CPM
01/19/2013,23:14:52,12 CPM
01/19/2013,23:15:02,30 CPM
01/19/2013,23:15:12,12 CPM
01/19/2013,23:15:22,24 CPM
01/19/2013,23:15:32,0 CPM
01/19/2013,23:15:42,36 CPM
01/19/2013,23:15:52,18 CPM
01/19/2013,23:16:02,18 CPM
01/19/2013,23:16:12,42 CPM
01/19/2013,23:16:22,6 CPM
01/19/2013,23:16:32,36 CPM
01/19/2013,23:16:42,18 CPM
01/19/2013,23:16:52,24 CPM
01/19/2013,23:17:02,6 CPM
01/19/2013,23:17:12,18 CPM
01/19/2013,23:17:22,6 CPM
01/19/2013,23:17:32,24 CPM
01/19/2013,23:17:42,12 CPM
01/19/2013,23:17:52,12 CPM
01/19/2013,23:18:02,24 CPM
01/19/2013,23:18:13,24 CPM
01/19/2013,23:18:23,30 CPM
01/19/2013,23:18:33,30 CPM
01/19/2013,23:18:43,12 CPM
01/19/2013,23:18:53,30 CPM
01/19/2013,23:19:03,48 CPM
01/19/2013,23:19:13,36 CPM
01/19/2013,23:19:23,30 CPM
01/19/2013,23:19:33,24 CPM
01/19/2013,23:19:43,18 CPM
01/19/2013,23:19:53,30 CPM
01/19/2013,23:20:03,0 CPM
01/19/2013,23:20:13,30 CPM
01/19/2013,23:20:23,6 CPM
01/19/2013,23:20:33,6 CPM
01/19/2013,23:20:43,66 CPM
01/19/2013,23:20:53,18 CPM
01/19/2013,23:21:03,18 CPM
01/19/2013,23:21:13,18 CPM
01/19/2013,23:21:23,12 CPM
01/19/2013,23:21:33,36 CPM
01/19/2013,23:21:43,6 CPM
01/19/2013,23:21:53,24 CPM
01/19/2013,23:22:03,18 CPM
01/19/2013,23:22:13,42 CPM
01/19/2013,23:22:23,12 CPM
01/19/2013,23:22:33,12 CPM
01/19/2013,23:22:43,42 CPM
01/19/2013,23:22:53,24 CPM
01/19/2013,23:23:03,12 CPM
01/19/2013,23:23:13,30 CPM
01/19/2013,23:23:23,0 CPM
01/19/2013,23:23:33,24 CPM
01/19/2013,23:23:43,12 CPM
01/19/2013,23:23:53,30 CPM
01/19/2013,23:24:03,6 CPM
01/19/2013,23:24:13,24 CPM
01/19/2013,23:24:24,24 CPM
01/19/2013,23:24:34,18 CPM
01/19/2013,23:24:44,30 CPM
01/19/2013,23:24:54,12 CPM
01/19/2013,23:25:04,12 CPM
01/19/2013,23:25:14,24 CPM
01/19/2013,23:25:24,0 CPM
01/19/2013,23:25:34,6 CPM
01/19/2013,23:25:44,30 CPM
01/19/2013,23:25:54,18 CPM
01/19/2013,23:26:04,6 CPM
01/19/2013,23:26:14,30 CPM
01/19/2013,23:26:24,6 CPM
01/19/2013,23:26:34,42 CPM
01/19/2013,23:26:44,12 CPM
01/19/2013,23:26:54,24 CPM
01/19/2013,23:27:04,18 CPM
01/19/2013,23:27:14,18 CPM
01/19/2013,23:27:24,12 CPM
01/19/2013,23:27:34,18 CPM
01/19/2013,23:27:44,6 CPM
01/19/2013,23:27:54,24 CPM
01/19/2013,23:28:04,24 CPM
01/19/2013,23:28:14,18 CPM
01/19/2013,23:28:24,6 CPM
01/19/2013,23:28:34,36 CPM
01/19/2013,23:28:44,24 CPM
01/19/2013,23:28:54,24 CPM
01/19/2013,23:29:04,24 CPM
01/19/2013,23:29:14,12 CPM
01/19/2013,23:29:24,24 CPM
01/19/2013,23:29:34,24 CPM
01/19/2013,23:29:44,18 CPM
01/19/2013,23:29:54,24 CPM
01/19/2013,23:30:04,6 CPM
01/19/2013,23:30:14,42 CPM
01/19/2013,23:30:24,0 CPM
01/19/2013,23:30:34,12 CPM
01/19/2013,23:30:44,24 CPM
01/19/2013,23:30:54,24 CPM
01/19/2013,23:31:04,24 CPM
01/19/2013,23:31:14,24 CPM
01/19/2013,23:31:24,36 CPM
01/19/2013,23:31:34,12 CPM
01/19/2013,23:31:44,18 CPM
01/19/2013,23:31:54,36 CPM
01/19/2013,23:32:04,18 CPM
01/19/2013,23:32:14,12 CPM
01/19/2013,23:32:24,24 CPM
01/19/2013,23:32:34,42 CPM
01/19/2013,23:32:45,18 CPM
01/19/2013,23:32:55,6 CPM
01/19/2013,23:33:05,36 CPM
01/19/2013,23:33:15,36 CPM
01/19/2013,23:33:25,6 CPM
01/19/2013,23:33:35,24 CPM
01/19/2013,23:33:45,6 CPM
01/19/2013,23:33:55,0 CPM
01/19/2013,23:34:05,18 CPM
01/19/2013,23:34:15,18 CPM
01/19/2013,23:34:25,6 CPM
01/19/2013,23:34:35,0 CPM
01/19/2013,23:34:45,12 CPM
01/19/2013,23:34:55,12 CPM
01/19/2013,23:35:05,30 CPM
01/19/2013,23:35:15,18 CPM
01/19/2013,23:35:25,6 CPM
01/19/2013,23:35:35,6 CPM
01/19/2013,23:35:45,12 CPM
01/19/2013,23:35:55,18 CPM
01/19/2013,23:36:05,24 CPM
01/19/2013,23:36:15,12 CPM
01/19/2013,23:36:25,24 CPM
01/19/2013,23:36:35,24 CPM
01/19/2013,23:36:45,12 CPM
01/19/2013,23:36:55,36 CPM
01/19/2013,23:37:05,24 CPM
01/19/2013,23:37:15,18 CPM
01/19/2013,23:37:25,24 CPM
01/19/2013,23:37:35,12 CPM
01/19/2013,23:37:45,24 CPM
01/19/2013,23:37:55,12 CPM
01/19/2013,23:38:05,30 CPM
01/19/2013,23:38:15,12 CPM
01/19/2013,23:38:25,6 CPM
01/19/2013,23:38:35,54 CPM
01/19/2013,23:38:45,0 CPM
01/19/2013,23:38:55,12 CPM
01/19/2013,23:39:05,0 CPM
01/19/2013,23:39:15,12 CPM
01/19/2013,23:39:25,18 CPM
01/19/2013,23:39:35,6 CPM
01/19/2013,23:39:45,12 CPM
01/19/2013,23:39:55,18 CPM
01/19/2013,23:40:05,24 CPM
01/19/2013,23:40:15,24 CPM
01/19/2013,23:40:25,12 CPM
01/19/2013,23:40:35,30 CPM
01/19/2013,23:40:45,12 CPM
01/19/2013,23:40:55,18 CPM
01/19/2013,23:41:05,30 CPM
01/19/2013,23:41:15,18 CPM
01/19/2013,23:41:25,54 CPM
01/19/2013,23:41:35,18 CPM
01/19/2013,23:41:46,12 CPM
01/19/2013,23:41:55,18 CPM
01/19/2013,23:42:05,0 CPM
01/19/2013,23:42:16,30 CPM
01/19/2013,23:42:26,12 CPM
01/19/2013,23:42:36,24 CPM
01/19/2013,23:42:46,18 CPM
01/19/2013,23:42:56,24 CPM
01/19/2013,23:43:06,6 CPM
01/19/2013,23:43:16,12 CPM
01/19/2013,23:43:26,6 CPM
01/19/2013,23:43:36,12 CPM
01/19/2013,23:43:46,18 CPM
01/19/2013,23:43:56,18 CPM
01/19/2013,23:44:06,18 CPM
01/19/2013,23:44:16,18 CPM
01/19/2013,23:44:26,18 CPM
01/19/2013,23:44:36,6 CPM
01/19/2013,23:44:46,24 CPM
01/19/2013,23:44:56,24 CPM
01/19/2013,23:45:06,12 CPM
01/19/2013,23:45:16,18 CPM
01/19/2013,23:45:26,6 CPM
01/19/2013,23:45:36,18 CPM
01/19/2013,23:45:46,36 CPM
01/19/2013,23:45:56,18 CPM
01/19/2013,23:46:06,18 CPM
01/19/2013,23:46:16,12 CPM
01/19/2013,23:46:26,36 CPM
01/19/2013,23:46:36,12 CPM
01/19/2013,23:46:46,24 CPM
01/19/2013,23:46:56,18 CPM
01/19/2013,23:47:06,36 CPM
01/19/2013,23:47:16,24 CPM
01/19/2013,23:47:26,6 CPM
01/19/2013,23:47:36,36 CPM
01/19/2013,23:47:46,12 CPM
01/19/2013,23:47:56,24 CPM
01/19/2013,23:48:06,12 CPM
01/19/2013,23:48:16,30 CPM
01/19/2013,23:48:26,30 CPM
01/19/2013,23:48:36,0 CPM
01/19/2013,23:48:46,48 CPM
01/19/2013,23:48:56,24 CPM
01/19/2013,23:49:06,0 CPM
01/19/2013,23:49:16,0 CPM
01/19/2013,23:49:26,36 CPM
01/19/2013,23:49:36,12 CPM
01/19/2013,23:49:46,0 CPM
01/19/2013,23:49:56,24 CPM
01/19/2013,23:50:06,42 CPM
01/19/2013,23:50:16,6 CPM
01/19/2013,23:50:26,36 CPM
01/19/2013,23:50:36,12 CPM
01/19/2013,23:50:46,30 CPM
01/19/2013,23:50:56,18 CPM
01/19/2013,23:51:06,24 CPM
01/19/2013,23:51:16,24 CPM
01/19/2013,23:51:26,24 CPM
01/19/2013,23:51:36,12 CPM
01/19/2013,23:51:46,12 CPM
01/19/2013,23:51:56,30 CPM
01/19/2013,23:52:06,48 CPM
01/19/2013,23:52:16,12 CPM
01/19/2013,23:52:26,24 CPM
01/19/2013,23:52:36,24 CPM
01/19/2013,23:52:47,18 CPM
01/19/2013,23:52:57,12 CPM
01/19/2013,23:53:07,6 CPM
01/19/2013,23:53:17,18 CPM
01/19/2013,23:53:27,30 CPM
01/19/2013,23:53:37,36 CPM
01/19/2013,23:53:47,36 CPM
01/19/2013,23:53:57,18 CPM
01/19/2013,23:54:07,12 CPM
01/19/2013,23:54:17,12 CPM
01/19/2013,23:54:27,6 CPM
01/19/2013,23:54:37,12 CPM
01/19/2013,23:54:47,18 CPM
01/19/2013,23:54:57,12 CPM
01/19/2013,23:55:07,6 CPM
01/19/2013,23:55:17,24 CPM
01/19/2013,23:55:27,18 CPM
01/19/2013,23:55:37,18 CPM
01/19/2013,23:55:47,12 CPM
01/19/2013,23:55:57,18 CPM
01/19/2013,23:56:07,18 CPM
01/19/2013,23:56:17,30 CPM
01/19/2013,23:56:27,6 CPM
01/19/2013,23:56:37,18 CPM
01/19/2013,23:56:47,12 CPM
01/19/2013,23:56:57,36 CPM
01/19/2013,23:57:07,18 CPM
01/19/2013,23:57:17,24 CPM
01/19/2013,23:57:27,6 CPM
01/19/2013,23:57:37,18 CPM
01/19/2013,23:57:47,54 CPM
01/19/2013,23:57:57,24 CPM
01/19/2013,23:58:07,24 CPM
01/19/2013,23:58:17,0 CPM
01/19/2013,23:58:27,24 CPM
01/19/2013,23:58:37,12 CPM
01/19/2013,23:58:47,12 CPM
01/19/2013,23:58:57,36 CPM
01/19/2013,23:59:07,12 CPM
01/19/2013,23:59:17,18 CPM
01/19/2013,23:59:27,24 CPM
01/19/2013,23:59:37,12 CPM
01/19/2013,23:59:47,18 CPM
01/19/2013,23:59:57,24 CPM
01/20/2013,00:00:07,12 CPM
01/20/2013,00:00:17,36 CPM
01/20/2013,00:00:27,24 CPM
01/20/2013,00:00:37,24 CPM
01/20/2013,00:00:47,24 CPM
01/20/2013,00:00:57,12 CPM
01/20/2013,00:01:07,18 CPM
01/20/2013,00:01:17,30 CPM
01/20/2013,00:01:27,18 CPM
01/20/2013,00:01:37,6 CPM
01/20/2013,00:01:47,42 CPM
01/20/2013,00:01:57,24 CPM
01/20/2013,00:02:07,12 CPM
01/20/2013,00:02:17,0 CPM
01/20/2013,00:02:27,12 CPM
01/20/2013,00:02:37,24 CPM
01/20/2013,00:02:48,24 CPM
01/20/2013,00:02:58,12 CPM
01/20/2013,00:03:08,24 CPM
01/20/2013,00:03:18,12 CPM
01/20/2013,00:03:28,24 CPM
